Type,Diff.Un,Diff.Adj
Distance,NA,0.14993157899985352
Contin.,NA,0.04823645193788053
Contin.,NA,0.05281609266811358
Binary,NA,0.017699115044247815
Binary,NA,-0.008849557522123894
Binary,NA,-0.05309734513274336
Binary,NA,0.07079646017699115
Contin.,NA,-0.014136544125684344
Contin.,NA,-0.05028185454408008
