Type,Diff.Un,Diff.Adj
Distance,NA,0.1359653894659875
Contin.,NA,-0.16756758640155217
Contin.,NA,0.12960179003972125
Binary,NA,0.049926180119305
Binary,NA,0.00466353593723505
Binary,NA,-0.09436399113525884
Binary,NA,-0.05471207909138276
Contin.,NA,-0.27398942867067827
Contin.,NA,-0.1578626972191025
