Method,Estimate
PSM ATT,1571.7444544247783
IPTW ATE,224.67630827143785
DR ATE,712.7428743939919
TMLE ATE,772.6952844705356
Bayesian ATE mean,2.0318284833191793
