method,estimand,estimate,se
IPTW,ATE,224.67630827143785,910.2191911341475
