method,estimand,estimate,ci_lower,ci_upper,p_value
TMLE,ATE,772.6952844705356,-801.4604332795996,2346.851002220671,0.33601222900850203
