mean,sd
2.0318284833191793,0.07224922647350046
